{"sha256":{"0":[2.594226,0.092832,0.055695,0.045939,0.037214,0.033553,0.033447,0.032836,0.041265,0.032462],"1":[0.033403,0.032335,0.031631,0.031831,0.031832,0.03153,0.031185,0.036429,0.034362,0.031977],"2":[0.031947,0.031887,0.032858,0.031643,0.037109,0.031532,0.036162,0.034671,0.031104,0.031274],"3":[0.031427,0.031867,0.031674,0.031394,0.031434,0.03094,0.035546,0.033549,0.031375,0.032909],"4":[0.040414,0.038931,0.039723,0.039727,0.039607,0.039502,0.041893,0.038952,0.038636,0.039218],"5":[0.052003,0.040688,0.040673,0.03967,0.040385,0.045411,0.039249,0.040809,0.040585,0.039966],"6":[0.040453,0.035692,0.040609,0.040858,0.044227,0.048658,0.038032,0.038876,0.038483,0.033775],"7":[0.038012,0.038105,0.037988,0.038291,0.041701,0.037541,0.043711,0.038782,0.033944,0.037789],"8":[0.038255,0.033754,0.038303,0.038183,0.041886,0.038052,0.0382,0.038325,0.038134,0.038376],"9":[0.033512,0.038636,0.038307,0.037638,0.037652,0.044187,0.040593,0.040769,0.037618,0.03809]},"wasam":{"0":[0.224926,0.02679,0.014604,0.013932,0.013143,0.012796,0.012525,0.012684,0.012653,0.012556],"1":[0.012578,0.012524,0.01203,0.012425,0.011905,0.011788,0.011888,0.01276,0.011913,0.012282],"2":[0.012267,0.011771,0.012285,0.012029,0.01197,0.012218,0.012637,0.012361,0.011857,0.012188],"3":[0.011696,0.012199,0.011893,0.01198,0.011886,0.011643,0.012085,0.012091,0.012082,0.012171],"4":[0.01245,0.017012,0.01676,0.016537,0.012186,0.012637,0.02496,0.012664,0.012504,0.012068],"5":[0.012777,0.01264,0.012951,0.012741,0.016754,0.012596,0.013089,0.017092,0.012839,0.013012],"6":[0.012443,0.012753,0.017002,0.012413,0.016026,0.012168,0.012129,0.0123,0.011786,0.011971],"7":[0.011696,0.012088,0.012364,0.012122,0.012267,0.012481,0.015897,0.012376,0.012388,0.01572],"8":[0.012175,0.012002,0.01226,0.012311,0.012114,0.012184,0.015801,0.012105,0.011895,0.012018],"9":[0.011836,0.011848,0.012346,0.01558,0.011709,0.015586,0.011885,0.012133,0.011881,0.012306]}}{"timestamp":"2019-11-25T16:06:16.631Z","sha256":{"0":[2.491618,0.088083,0.048587,0.044036,0.035123,0.036985,0.032441,0.031574,0.030665,0.030657],"1":[0.038832,0.030979,0.030171,0.030287,0.029647,0.029649,0.029684,0.029103,0.029314,0.029535],"2":[0.037432,0.030336,0.031309,0.030224,0.036008,0.030142,0.030242,0.029937,0.029676,0.029408],"3":[0.029749,0.044249,0.030311,0.029786,0.029762,0.03032,0.029868,0.029969,0.031043,0.038281],"4":[0.036879,0.037356,0.037752,0.036957,0.036947,0.037128,0.038173,0.036689,0.037471,0.037712],"5":[0.040721,0.037312,0.036369,0.037068,0.03739,0.038736,0.03661,0.03714,0.037755,0.036782],"6":[0.037337,0.037505,0.03793,0.036874,0.038139,0.03783,0.037951,0.037204,0.040339,0.037581],"7":[0.037101,0.037601,0.033013,0.036904,0.037148,0.036227,0.037067,0.036561,0.040167,0.037062],"8":[0.032955,0.036939,0.042571,0.037099,0.036636,0.036669,0.03756,0.037522,0.037809,0.036342],"9":[0.039885,0.037609,0.037458,0.036554,0.037546,0.036261,0.036889,0.036952,0.036909,0.037119]},"wasam":{"0":[0.2112,0.025251,0.014347,0.012917,0.012288,0.012224,0.012004,0.011868,0.011637,0.011668],"1":[0.011708,0.011369,0.011593,0.011724,0.011292,0.011938,0.011339,0.011542,0.011313,0.011569],"2":[0.012018,0.01138,0.011526,0.011495,0.01175,0.011664,0.011562,0.011605,0.011401,0.011177],"3":[0.011672,0.011524,0.011866,0.011699,0.011375,0.011596,0.011604,0.011632,0.011741,0.011604],"4":[0.011596,0.011467,0.011857,0.012052,0.015614,0.011679,0.011864,0.011973,0.011563,0.011944],"5":[0.011995,0.011397,0.011524,0.015385,0.012079,0.011854,0.012108,0.011745,0.011918,0.011908],"6":[0.01196,0.011808,0.011829,0.012153,0.015739,0.015379,0.0115,0.015092,0.011804,0.011674],"7":[0.01212,0.011706,0.011603,0.011412,0.011735,0.012067,0.011493,0.011795,0.015629,0.011748],"8":[0.011728,0.011617,0.011643,0.011586,0.011801,0.011905,0.011915,0.015594,0.011507,0.011811],"9":[0.01181,0.011884,0.011907,0.015884,0.011619,0.012016,0.01153,0.011612,0.011712,0.011569]}}{"sha256":{"0":[2.628446,0.093456,0.049976,0.050124,0.035979,0.032898,0.032694,0.031484,0.03144,0.030905],"1":[0.031871,0.030949,0.031167,0.031175,0.030663,0.036184,0.033235,0.030611,0.030734,0.031259],"2":[0.030918,0.030868,0.032262,0.030788,0.037549,0.033942,0.030798,0.030776,0.030411,0.030287],"3":[0.030169,0.030725,0.030745,0.03051,0.030718,0.033928,0.031351,0.031101,0.030639,0.030789],"4":[0.03877,0.038431,0.039114,0.038593,0.041181,0.038652,0.038916,0.039259,0.038519,0.038868],"5":[0.041375,0.039876,0.038369,0.042136,0.038102,0.038964,0.038628,0.037843,0.037628,0.037764],"6":[0.038069,0.037776,0.038484,0.042158,0.038382,0.038024,0.037747,0.038253,0.037889,0.037426],"7":[0.037953,0.036941,0.042103,0.038652,0.037946,0.038404,0.037284,0.038563,0.039526,0.036947],"8":[0.036833,0.037098,0.039868,0.037138,0.036911,0.033168,0.036833,0.037048,0.0397,0.037293],"9":[0.033029,0.037616,0.03707,0.0365,0.040422,0.037122,0.048323,0.064542,0.037035,0.036571]},"wasam":{"0":[0.224715,0.0257,0.014269,0.013916,0.012368,0.012228,0.012314,0.011837,0.012138,0.011542],"1":[0.011888,0.011569,0.011619,0.011984,0.011411,0.012266,0.01163,0.011801,0.011691,0.012168],"2":[0.012166,0.012059,0.011856,0.011695,0.012396,0.011597,0.011702,0.011982,0.011534,0.011678],"3":[0.011612,0.011867,0.01165,0.011649,0.012718,0.012069,0.012134,0.01165,0.011982,0.01179],"4":[0.01648,0.012191,0.01222,0.01224,0.012004,0.012106,0.015945,0.015944,0.012166,0.01214],"5":[0.012409,0.01205,0.012204,0.014978,0.011862,0.012561,0.015863,0.011697,0.012253,0.012112],"6":[0.01211,0.016074,0.012291,0.012243,0.015689,0.012308,0.011856,0.011906,0.012208,0.016003],"7":[0.011848,0.01565,0.015111,0.012078,0.012146,0.012172,0.011884,0.019374,0.021045,0.011808],"8":[0.012009,0.011725,0.015094,0.011987,0.01161,0.01161,0.011808,0.011606,0.015474,0.011485],"9":[0.011956,0.011906,0.011443,0.01171,0.015431,0.011833,0.012461,0.011758,0.011577,0.015159]}}